{
  "exp_name": "bert_crf_20260311_170658",
  "timestamp": "20260311_170658",
  "output_dir": "outputs/bert_crf_20260311_170658",
  "best_f1": 0.7990491283676704,
  "best_epoch": 3,
  "last_train_loss": 1.93534827906461,
  "last_dev_f1": 0.7918250950570341,
  "num_epochs": 4,
  "pretrained_model": "hfl/chinese-bert-wwm-ext",
  "train_batch_size": 32,
  "eval_batch_size": 32,
  "learning_rate_bert": 5e-05,
  "learning_rate_head": 0.001,
  "weight_decay": 0.01,
  "max_length": 256,
  "device": "cuda",
  "seed": 42
}