{
  "exp_name": "bert_crf_20260311_153620",
  "timestamp": "20260311_153620",
  "output_dir": "outputs/bert_crf_20260311_153620",
  "best_f1": 0.7951692356586683,
  "best_epoch": 4,
  "last_train_loss": 1.2218359696368377,
  "last_dev_f1": 0.7915869980879542,
  "num_epochs": 5,
  "pretrained_model": "hfl/chinese-bert-wwm-ext",
  "train_batch_size": 32,
  "eval_batch_size": 32,
  "learning_rate_bert": 5e-05,
  "learning_rate_head": 0.001,
  "weight_decay": 0.01,
  "max_length": 256,
  "device": "cuda",
  "seed": 42
}