{
  "exp_name": "bert_crf_20260319_093516",
  "timestamp": "20260319_093516",
  "output_dir": "outputs/bert_crf_20260319_093516",
  "best_f1": 0.7978893508154781,
  "best_epoch": 4,
  "last_train_loss": 1.7015891135448502,
  "last_dev_f1": 0.7970597635027165,
  "num_epochs": 5,
  "pretrained_model": "hfl/chinese-bert-wwm-ext",
  "train_batch_size": 32,
  "eval_batch_size": 32,
  "learning_rate_bert": 3e-05,
  "learning_rate_head": 0.001,
  "weight_decay": 0.01,
  "max_length": 256,
  "device": "cuda",
  "seed": 42
}