{
  "exp_name": "bert_crf_20260319_095906",
  "timestamp": "20260319_095906",
  "output_dir": "outputs/bert_crf_20260319_095906",
  "best_f1": 0.7998082760824413,
  "best_epoch": 4,
  "last_train_loss": 1.568675535952761,
  "last_dev_f1": 0.7947528395456728,
  "num_epochs": 6,
  "pretrained_model": "hfl/chinese-bert-wwm-ext",
  "train_batch_size": 32,
  "eval_batch_size": 32,
  "learning_rate_bert": 2e-05,
  "learning_rate_head": 0.001,
  "weight_decay": 0.01,
  "max_length": 256,
  "device": "cuda",
  "seed": 42
}